pid,start,end
1,0.000000,1.000000
2,1.000000,4.000000
4,4.000000,6.000000
3,6.000000,10.000000
1,10.000000,29.000000
