pid,start,end
1,0.000000,2.000000
2,2.000000,4.000000
1,4.000000,5.000000
2,5.000000,7.000000
3,7.000000,9.000000
3,9.000000,11.000000
1,0.000000,3.000000
2,3.000000,7.000000
3,7.000000,11.000000
