pid,start,end
0,0.000000,1.000000
2,1.000000,8.000000
1,8.000000,11.000000
3,11.000000,13.000000
