pid,start,end
0,0.000000,1.000000
1,1.000000,5.000000
3,5.000000,15.000000
2,15.000000,23.000000
