pid,start,end
1,0.000000,2.000000
2,2.000000,4.000000
3,4.000000,6.000000
1,6.000000,8.000000
2,8.000000,9.000000
3,9.000000,11.000000
1,11.000000,12.000000
1,0.000000,1.000000
2,1.000000,4.000000
1,4.000000,8.000000
3,8.000000,12.000000
