pid,start,end
0,0.000000,2.000000
1,2.000000,4.000000
2,4.000000,6.000000
1,6.000000,7.000000
2,7.000000,8.000000
0,8.000000,10.000000
3,10.000000,11.000000
