pid,start,end
1,0.000000,5.000000
2,5.000000,14.600000
3,14.600000,104.599998
