pid,start,end
1,2.000000,6.000000
2,6.000000,11.000000
3,11.000000,17.000000
1,2.000000,4.000000
2,4.000000,6.000000
3,6.000000,8.000000
1,8.000000,10.000000
2,10.000000,12.000000
3,12.000000,14.000000
2,14.000000,15.000000
3,15.000000,17.000000
