pid,start,end
2,1.000000,4.000000
1,4.000000,6.000000
3,8.000000,12.000000
