pid,start,end
1,0.000000,2.000000
2,2.000000,5.000000
0,5.000000,11.000000
3,11.000000,13.000000
