pid,start,end
1,0.000000,1.000000
2,1.000000,4.000000
1,4.000000,8.000000
4,8.000000,14.000000
3,14.000000,22.000000
